{
  "experiment": 10,
  "name": "UCI Household Electric Power Consumption",
  "dataset": "4 years, 1-minute resolution, resampled to hourly (34190 readings)",
  "features_used": [
    "Global_active_power",
    "Global_reactive_power",
    "Voltage",
    "Global_intensity",
    "Sub_metering_1",
    "Sub_metering_2",
    "Sub_metering_3"
  ],
  "config": {
    "resample_freq": "1h",
    "window_size": 168,
    "step_size": 24,
    "baseline_weeks": 8,
    "delta_threshold": 0.3,
    "memory_threshold": 0.4,
    "recovery_threshold": 0.4,
    "variance_zscore": 2.5
  },
  "stats": {
    "n_hours": 34190,
    "n_windows": 1418,
    "n_alerts": 432,
    "n_var_alerts": 1,
    "coherence_only": 431,
    "mean_delta": 0.42537842171162915,
    "monthly_means": {
      "2006-12": 0.9529926079031924,
      "2007-01": 1.0135108470678893,
      "2007-02": 0.6873995305806879,
      "2007-03": 0.6782020889179187,
      "2007-04": 0.31867515600456103,
      "2007-05": 0.4016745674476347,
      "2007-06": 0.28731186153572824,
      "2007-07": 0.2680306484184464,
      "2007-08": 0.1835523457919173,
      "2007-09": 0.3411591513466081,
      "2007-10": 0.4374485618492773,
      "2007-11": 0.5459680280558517,
      "2007-12": 0.6057050571592091,
      "2008-01": 0.5832354017055219,
      "2008-02": 0.4864348657974725,
      "2008-03": 0.47544214826406894,
      "2008-04": 0.3884428910632558,
      "2008-05": 0.30661590703033353,
      "2008-06": 0.31815543756177045,
      "2008-07": 0.22801404070172032,
      "2008-08": 0.0654547198771266,
      "2008-09": 0.46033254499476234,
      "2008-10": 0.28591232285182994,
      "2008-11": 0.570345741918746,
      "2008-12": 0.5346821614313462,
      "2009-01": 0.6277675828391353,
      "2009-02": 0.57443850617307,
      "2009-03": 0.5398234567513545,
      "2009-04": 0.430531248533949,
      "2009-05": 0.2982355080902086,
      "2009-06": 0.30114605400311933,
      "2009-07": 0.14755115050736464,
      "2009-08": 0.2569189460049978,
      "2009-09": 0.46102766983784144,
      "2009-10": 0.5022050951369874,
      "2009-11": 0.6540805608396336,
      "2009-12": 0.5262974675001179,
      "2010-01": 0.5927227518255084,
      "2010-02": 0.5806949413743433,
      "2010-03": 0.461444555464017,
      "2010-04": 0.32780243102408557,
      "2010-05": 0.3696635756269905,
      "2010-06": 0.29890067003592724,
      "2010-07": 0.06219671239130226,
      "2010-08": 0.14981979016651012,
      "2010-09": 0.28637541213522966,
      "2010-10": 0.3739773592793307,
      "2010-11": 0.492633598597263
    }
  },
  "elapsed_s": 4.1
}