{
  "experiment": 9,
  "name": "SKAB Industrial Valve Fault Detection",
  "dataset": "SKAB (Skoltech Anomaly Benchmark) \u2014 34 experiments, 8 sensors",
  "sensors_used": [
    "Accelerometer1RMS",
    "Accelerometer2RMS",
    "Current",
    "Pressure",
    "Temperature",
    "Thermocouple",
    "Voltage",
    "Volume Flow RateRMS"
  ],
  "config": {
    "window_size": 60,
    "step_size": 10,
    "delta_threshold": 0.3,
    "memory_threshold": 0.4,
    "recovery_threshold": 0.4,
    "variance_zscore": 2.5
  },
  "stats": {
    "n_experiments": 34,
    "delta_detection_rate": 0.9705882352941176,
    "var_detection_rate": 1.0,
    "coherence_f1": 0.4291524662639021,
    "variance_f1": 0.5169894207436957,
    "coherence_precision": 0.3522938158935042,
    "coherence_recall": 0.6164301864212728,
    "variance_precision": 0.349843156456492,
    "variance_recall": 0.9991433120514567,
    "delta_mean_lead": 414.6666666666667,
    "var_mean_lead": 530.9705882352941,
    "coh_wins": 6,
    "per_experiment": [
      {
        "category": "valve1",
        "filename": "0",
        "n_points": 1147,
        "anomaly_onset": 573,
        "coherence_f1": 0.5060240963855421,
        "variance_f1": 0.5204412719013628,
        "coherence_precision": 0.35346534653465345,
        "coherence_recall": 0.8902743142144638,
        "delta_lead": 473,
        "var_lead": 543,
        "delta_detected": true,
        "var_detected": true
      },
      {
        "category": "valve1",
        "filename": "1",
        "n_points": 1145,
        "anomaly_onset": 572,
        "coherence_f1": 0.49162011173184356,
        "variance_f1": 0.5214007782101168,
        "coherence_precision": 0.341747572815534,
        "coherence_recall": 0.8756218905472637,
        "delta_lead": 522,
        "var_lead": 542,
        "delta_detected": true,
        "var_detected": true
      },
      {
        "category": "valve1",
        "filename": "10",
        "n_points": 1146,
        "anomaly_onset": 573,
        "coherence_f1": 0.15768725361366626,
        "variance_f1": 0.5204412719013628,
        "coherence_precision": 0.16666666666666666,
        "coherence_recall": 0.14962593516209477,
        "delta_lead": 433,
        "var_lead": 543,
        "delta_detected": true,
        "var_detected": true
      },
      {
        "category": "valve1",
        "filename": "11",
        "n_points": 1141,
        "anomaly_onset": 572,
        "coherence_f1": 0.47218788627935726,
        "variance_f1": 0.5185185185185185,
        "coherence_precision": 0.4658536585365854,
        "coherence_recall": 0.47869674185463656,
        "delta_lead": 512,
        "var_lead": 542,
        "delta_detected": true,
        "var_detected": true
      },
      {
        "category": "valve1",
        "filename": "12",
        "n_points": 1140,
        "anomaly_onset": 570,
        "coherence_f1": 0.6593204775022956,
        "variance_f1": 0.5185185185185185,
        "coherence_precision": 0.5202898550724637,
        "coherence_recall": 0.899749373433584,
        "delta_lead": 220,
        "var_lead": 540,
        "delta_detected": true,
        "var_detected": true
      },
      {
        "category": "valve1",
        "filename": "13",
        "n_points": 1140,
        "anomaly_onset": 570,
        "coherence_f1": 0.3062426383981154,
        "variance_f1": 0.5185185185185185,
        "coherence_precision": 0.28888888888888886,
        "coherence_recall": 0.3258145363408521,
        "delta_lead": 170,
        "var_lead": 540,
        "delta_detected": true,
        "var_detected": true
      },
      {
        "category": "valve1",
        "filename": "14",
        "n_points": 1139,
        "anomaly_onset": 569,
        "coherence_f1": 0.4171011470281543,
        "variance_f1": 0.5219097449313277,
        "coherence_precision": 0.35714285714285715,
        "coherence_recall": 0.5012531328320802,
        "delta_lead": 189,
        "var_lead": 539,
        "delta_detected": true,
        "var_detected": true
      },
      {
        "category": "valve1",
        "filename": "15",
        "n_points": 1150,
        "anomaly_onset": 574,
        "coherence_f1": 0.28422876949740034,
        "variance_f1": 0.51994851994852,
        "coherence_precision": 0.21866666666666668,
        "coherence_recall": 0.40594059405940597,
        "delta_lead": 524,
        "var_lead": 544,
        "delta_detected": true,
        "var_detected": true
      },
      {
        "category": "valve1",
        "filename": "2",
        "n_points": 1075,
        "anomaly_onset": 566,
        "coherence_f1": 0.4208782104391052,
        "variance_f1": 0.47903340440653874,
        "coherence_precision": 0.29195402298850576,
        "coherence_recall": 0.7537091988130564,
        "delta_lead": 536,
        "var_lead": 536,
        "delta_detected": true,
        "var_detected": true
      },
      {
        "category": "valve1",
        "filename": "3",
        "n_points": 1148,
        "anomaly_onset": 573,
        "coherence_f1": 0.4968354430379747,
        "variance_f1": 0.5233160621761658,
        "coherence_precision": 0.36511627906976746,
        "coherence_recall": 0.7772277227722773,
        "delta_lead": 463,
        "var_lead": 543,
        "delta_detected": true,
        "var_detected": true
      },
      {
        "category": "valve1",
        "filename": "4",
        "n_points": 1095,
        "anomaly_onset": 573,
        "coherence_f1": 0.49886277482941627,
        "variance_f1": 0.48505906879777616,
        "coherence_precision": 0.3391752577319588,
        "coherence_recall": 0.9426934097421203,
        "delta_lead": 453,
        "var_lead": 543,
        "delta_detected": true,
        "var_detected": true
      },
      {
        "category": "valve1",
        "filename": "5",
        "n_points": 1154,
        "anomaly_onset": 577,
        "coherence_f1": 0.506449422946368,
        "variance_f1": 0.5189954925949775,
        "coherence_precision": 0.3485981308411215,
        "coherence_recall": 0.9255583126550868,
        "delta_lead": 497,
        "var_lead": 547,
        "delta_detected": true,
        "var_detected": true
      },
      {
        "category": "valve1",
        "filename": "6",
        "n_points": 1154,
        "anomaly_onset": 576,
        "coherence_f1": 0.30643274853801167,
        "variance_f1": 0.5209003215434084,
        "coherence_precision": 0.2911111111111111,
        "coherence_recall": 0.3234567901234568,
        "delta_lead": 456,
        "var_lead": 546,
        "delta_detected": true,
        "var_detected": true
      },
      {
        "category": "valve1",
        "filename": "7",
        "n_points": 1094,
        "anomaly_onset": 578,
        "coherence_f1": 0.43018867924528303,
        "variance_f1": 0.5418060200668897,
        "coherence_precision": 0.30978260869565216,
        "coherence_recall": 0.7037037037037037,
        "delta_lead": 528,
        "var_lead": 548,
        "delta_detected": true,
        "var_detected": true
      },
      {
        "category": "valve1",
        "filename": "8",
        "n_points": 1144,
        "anomaly_onset": 572,
        "coherence_f1": 0.37931034482758624,
        "variance_f1": 0.5194805194805194,
        "coherence_precision": 0.2894736842105263,
        "coherence_recall": 0.55,
        "delta_lead": 542,
        "var_lead": 542,
        "delta_detected": true,
        "var_detected": true
      },
      {
        "category": "valve1",
        "filename": "9",
        "n_points": 1148,
        "anomaly_onset": 574,
        "coherence_f1": 0.36807095343680707,
        "variance_f1": 0.5214007782101168,
        "coherence_precision": 0.332,
        "coherence_recall": 0.4129353233830846,
        "delta_lead": 474,
        "var_lead": 544,
        "delta_detected": true,
        "var_detected": true
      },
      {
        "category": "valve2",
        "filename": "0",
        "n_points": 1125,
        "anomaly_onset": 562,