{
  "experiment": 7,
  "name": "Real Data Validation on Energy Systems",
  "buildings": {
    "Hog_office_Betsy": {
      "building": "Hog_office_Betsy",
      "usage": "Office",
      "sqft": 249457.0,
      "n_datapoints": 17544,
      "nan_filled": 0,
      "global_delta": 9.486312213579776e-07,
      "global_P": 0.26575781260076653,
      "global_A": 0.9853139792049386,
      "global_R": 0.7937059175293772,
      "global_D": 323.1244795371637,
      "global_N": 218767.04389363667,
      "global_M": 0.790452916915136,
      "global_W": 1.0,
      "n_windows": 725,
      "n_coherence_alerts": 84,
      "n_variance_alerts": 0,
      "coherence_only_alerts": 84,
      "variance_only_alerts": 0,
      "both_alerts": 0,
      "mean_delta": 4.5984620151573546e-05,
      "median_delta": 2.1231803640255454e-05,
      "min_delta": 1.565495482836242e-07,
      "mean_M": 0.4854456574058975,
      "mean_W": 0.7055292603399579,
      "elapsed_s": 0.7123012542724609
    },
    "Hog_office_Nia": {
      "building": "Hog_office_Nia",
      "usage": "Office",
      "sqft": 577101.0,
      "n_datapoints": 17544,
      "nan_filled": 256,
      "global_delta": 3.329698844178388e-07,
      "global_P": 0.32351802756737125,
      "global_A": 0.8528845516898418,
      "global_R": 0.983328082309986,
      "global_D": 637.3022955996353,
      "global_N": 814221.2367394794,
      "global_M": 0.8408270672959954,
      "global_W": 1.0,
      "n_windows": 725,
      "n_coherence_alerts": 80,
      "n_variance_alerts": 7,
      "coherence_only_alerts": 80,
      "variance_only_alerts": 7,
      "both_alerts": 0,
      "mean_delta": 2.051525629236024e-05,
      "median_delta": 4.264336921710436e-06,
      "min_delta": 0.0,
      "mean_M": 0.5045049085316642,
      "mean_W": 0.7245857230245625,
      "elapsed_s": 0.2821991443634033
    },
    "Lamb_office_Vasiliki": {
      "building": "Lamb_office_Vasiliki",
      "usage": "Office",
      "sqft": 270034.0,
      "n_datapoints": 17544,
      "nan_filled": 43,
      "global_delta": 1.6971305920015937e-05,
      "global_P": 0.562497225062195,
      "global_A": 0.9834825150177962,
      "global_R": 0.842527886085984,
      "global_D": 96.26615516985864,
      "global_N": 27367.244332194263,
      "global_M": 0.7724010763651934,
      "global_W": 1.0,
      "n_windows": 725,
      "n_coherence_alerts": 137,
      "n_variance_alerts": 4,
      "coherence_only_alerts": 135,
      "variance_only_alerts": 2,
      "both_alerts": 2,
      "mean_delta": 0.0005802703051633602,
      "median_delta": 0.00038951723392999536,
      "min_delta": 0.0,
      "mean_M": 0.644671931574007,
      "mean_W": 0.7830149651426362,
      "elapsed_s": 0.3268301486968994
    },
    "Rat_office_Avis": {
      "building": "Rat_office_Avis",
      "usage": "Office",
      "sqft": 474680.0,
      "n_datapoints": 17544,
      "nan_filled": 364,
      "global_delta": 1.7351293233315229e-06,
      "global_P": 0.20192310730249613,
      "global_A": 0.9699860750624016,
      "global_R": 0.9008652113269044,
      "global_D": 208.5331765845873,
      "global_N": 101481.75714040326,
      "global_M": 0.8157534708123659,
      "global_W": 0.9967320261437909,
      "n_windows": 725,
      "n_coherence_alerts": 53,
      "n_variance_alerts": 12,
      "coherence_only_alerts": 49,
      "variance_only_alerts": 8,
      "both_alerts": 4,
      "mean_delta": 0.00011692150032361687,
      "median_delta": 3.4970719799234986e-05,
      "min_delta": 0.0,
      "mean_M": 0.3897556087777534,
      "mean_W": 0.7479211044014553,
      "elapsed_s": 0.2859201431274414
    }
  },
  "config": {
    "window_size": 168,
    "step_size": 24,
    "delta_threshold": 0.3,
    "memory_threshold": 0.4,
    "recovery_threshold": 0.4,
    "variance_zscore": 2.0
  },
  "elapsed_s": 2.0269429683685303
}