{
  "exp1": {
    "experiment": 1,
    "name": "Coherence vs Noise Threshold",
    "threshold_noise": 0.06067796610169492,
    "threshold_delta": 14.122166552723959,
    "noise_levels": [
      0.01,
      0.06067796610169492,
      0.11135593220338984,
      0.16203389830508477,
      0.2127118644067797,
      0.26338983050847464,
      0.31406779661016954,
      0.36474576271186443,
      0.4154237288135594,
      0.4661016949152543,
      0.5167796610169493,
      0.5674576271186441,
      0.6181355932203391,
      0.668813559322034,
      0.7194915254237289,
      0.7701694915254238,
      0.8208474576271187,
      0.8715254237288137,
      0.9222033898305086,
      0.9728813559322035,
      1.0235593220338985,
      1.0742372881355933,
      1.1249152542372882,
      1.1755932203389832,
      1.2262711864406781,
      1.276949152542373,
      1.327627118644068,
      1.378305084745763,
      1.4289830508474577,
      1.4796610169491526,
      1.5303389830508476,
      1.5810169491525425,
      1.6316949152542375,
      1.6823728813559324,
      1.7330508474576274,
      1.7837288135593223,
      1.8344067796610173,
      1.885084745762712,
      1.935762711864407,
      1.986440677966102,
      2.037118644067797,
      2.0877966101694914,
      2.1384745762711863,
      2.1891525423728813,
      2.239830508474576,
      2.290508474576271,
      2.341186440677966,
      2.391864406779661,
      2.442542372881356,
      2.493220338983051,
      2.543898305084746,
      2.594576271186441,
      2.645254237288136,
      2.6959322033898308,
      2.7466101694915257,
      2.7972881355932206,
      2.847966101694915,
      2.89864406779661,
      2.949322033898305,
      3.0
    ],
    "deltas": [
      92.06919992788389,
      14.122166552723959,
      7.081832710664621,
      4.430074373562921,
      3.0403885845089578,
      2.1919637184691805,
      1.6281184892970324,
      1.2335796373187145,
      0.9481927696293108,
      0.737064869948257,
      0.5783425963935784,
      0.4575564127249211,
      0.3647349340726592,
      0.2928072849687994,
      0.2366551928914581,
      0.19251740279521798,
      0.15759795892829276,
      0.1297993716135245,
      0.10753603197643517,
      0.08960119781262355,
      0.0750708027879175,
      0.06323313515683236,
      0.05353698641777596,
      0.045553147127933194,
      0.03894563803723153,
      0.033450095260288804,
      0.028857445743813603,
      0.02500151656689758,
      0.02174958434984116,
      0.018995132693086676,
      0.016652275602322,
      0.014651443674500754,
      0.012936031736788159,
      0.011459781800124368,
      0.01018473087209785,
      0.009079594595340357,
      0.008118488617667986,
      0.007279912805628412,
      0.006545940888445954,
      0.005901571332990345,
      0.005334205282102623,
      0.004833225035349413,
      0.00438965240344027,
      0.003995870764132046,
      0.0036453981160974986,
      0.003332701113391693,
      0.0030530421513577776,
      0.0028023532043549956,
      0.002577131392076449,
      0.00237435225467529,
      0.002191397508656553,
      0.0020259946824095236,
      0.001876166528396882,
      0.0017401885061899707,
      0.0016165529482716984,
      0.0015039387755450516,
      0.0014011858348235374,
      0.0013072730964384075,
      0.0012213000844798166,
      0.001142471021396656
    ],
    "elapsed_s": 0.36316704750061035
  },
  "exp2": {
    "experiment": 2,
    "name": "Recovery Dynamics After Shock",
    "results": [
      {
        "recovery_rate": 0.005,
        "label": "Very Low",
        "delta": 0.5983691108786935,
        "M": 0.4184319398775475,
        "W": 1.0,
        "P": 0.6644187956198935,
        "R": 0.9861630731600863
      },
      {
        "recovery_rate": 0.02,
        "label": "Low",
        "delta": 2.4261628620747717,
        "M": 0.8827635564627727,
        "W": 1.0,
        "P": 0.8502982202110638,
        "R": 0.989823973258555
      },
      {
        "recovery_rate": 0.05,
        "label": "Medium",
        "delta": 5.3276913384897835,
        "M": 0.9877585760788221,
        "W": 1.0,
        "P": 0.9262963354730898,
        "R": 0.9898239645753335
      },
      {
        "recovery_rate": 0.1,
        "label": "High",
        "delta": 8.46439003832709,
        "M": 0.9806502561752736,
        "W": 1.0,
        "P": 0.9577770577119561,
        "R": 0.9898239645753335
      },
      {
        "recovery_rate": 0.2,
        "label": "Very High",
        "delta": 11.82855382951061,
        "M": 0.8593352680908,
        "W": 1.0,
        "P": 0.974877618556396,
        "R": 0.9898239645753335
      }
    ],
    "elapsed_s": 0.9817178249359131
  },
  "exp3": {
    "experiment": 3,
    "name": "Hidden Drift Before Visible Failure",
    "failure_index": 1567,
    "detection_times": {
      "delta": 1060,
      "variance": 2480,
      "zscore": 1060
    },
    "lead_times": {
      "delta": 507,
      "variance": -913,
      "zscore": 507
    },
    "elapsed_s": 0.558413028717041
  },
  "exp4": {
    "experiment": 4,
    "name": "Shock Response vs Coherence",
    "results": [
      {
        "coherence_param": 0.95,
        "peak_deviation": 3.995553801548055,
        "time_to_return": 40,
        "delta": 6.69994715696342,
        "post_shock_stability": 0.04469324673858238
      },
      {
        "coherence_param": 0.7,
        "peak_deviation": 4.562060213593073,
        "time_to_return": 19,
        "delta": 0.8456469506685259,
        "post_shock_stability": 0.26975561494131595
      },
      {
        "coherence_param": 0.4,
        "peak_deviation": 3.950203126327072,
        "time_to_return": 23,
        "delta": 0.12202779954174181,
        "post_shock_stability": 0.5811635619372065
      },
      {
        "coherence_param": 0.1,
        "peak_deviation": 5.809824871218845,
        "time_to_return": 35,
        "delta": 0.03332604182928818,
        "post_shock_stability": 0.819274108764695
      }
    ],
    "elapsed_s": 0.3531959056854248
  },
  "exp5": {
    "experiment": 5,
    "name": "Cross-System Generalization",
    "systems": {
      "sinusoidal": 3.9161181963421607,
      "chaotic": 0.0,
      "piecewise": 9.21857519102112,
      "stochastic": 9.491367889802332
    },
    "cross_system_cv": 1.0098758959220595,
    "consistent": false,
    "elapsed_s": 0.7612905502319336
  },
  "exp6": {
    "experiment": 6,
    "name": "Monte Carlo Lead-Time Analysis",
    "n_trials": 1000,
    "stats": {
      "delta_detection_rate": 1.0,
      "var_detection_rate": 0.032,
      "delta_mean_lead": 406.014,
      "var_mean_lead": 103.3125,
      "delta_median_lead": 320.0,
      "var_median_lead": 103.0
    },
    "elapsed_s": 10.404651403427124
  },
  "exp7": {
    "experiment": 7,
    "name": "Real Data Validation on Energy Systems",
    "buildings": {
      "Hog_office_Betsy": {
        "building": "Hog_office_Betsy",
        "usage": "Office",
        "sqft": 249457.0,
        "n_datapoints": 17544,
        "nan_filled": 0,
        "global_delta": 9.486312213579776e-07,
        "global_P": 0.26575781260076653,
        "global_A": 0.9853139792049386,
        "global_R": 0.7937059175293772,
        "global_D": 323.1244795371637,
        "global_N": 218767.04389363667,
        "global_M": 0.790452916915136,
        "global_W": 1.0,
        "n_windows": 725,
        "n_coherence_alerts": 84,
        "n_variance_alerts": 0,
        "coherence_only_alerts": 84,
        "variance_only_alerts": 0,
        "both_alerts": 0,
        "mean_delta": 4.5984620151573546e-05,
        "median_delta": 2.1231803640255454e-05,
        "min_delta": 1.565495482836242e-07,
        "mean_M": 0.4854456574058975,
        "mean_W": 0.7055292603399579,
        "elapsed_s": 0.7123012542724609
      },
      "Hog_office_Nia": {
        "building": "Hog_office_Nia",
        "usage": "Office",
        "sqft": 577101.0,
        "n_datapoints": 17544,
        "nan_filled": 256,
        "global_delta": 3.329698844178388e-07,